Disney Fossil Limited Edition Automatic Medium Brown LiteHide™ Leather Watch,£399.00
Carraway Three-Hand Brown Leather Watch,£169.00
Bannon Multifunction Stainless Steel Watch,£139.00
His and Her Chronograph Gold-Tone Stainless Steel Watch Gift Set,£259.00
His and Her Fenmore Multifunction Stainless Steel Watch Gift Set,£219.00
Fenmore Multifunction Black Leather Watch,£139.00
Bannon Multifunction Black Silicone Watch,£119.00
Luther Chronograph Brown Leather Watch,£149.00
22mm Dark Brown Leather and Rubber Watch Strap,£39.00
His and Her Lux Luther Three-Hand Two-Tone Stainless Steel Watch Gift Set,£259.00
Bannon Multifunction Gold-Tone Stainless Steel Watch,£159.00
Luther 3H Three-Hand Interchangeable Strap Gift Set,£149.00
Disney Fossil Limited Edition Automatic Medium Brown LiteHide™ Leather Watch,£399.00
Carraway Three-Hand Brown Leather Watch,£169.00
Bannon Multifunction Stainless Steel Watch,£139.00
His and Her Chronograph Gold-Tone Stainless Steel Watch Gift Set,£259.00
His and Her Fenmore Multifunction Stainless Steel Watch Gift Set,£219.00
Fenmore Multifunction Black Leather Watch,£139.00
Bannon Multifunction Black Silicone Watch,£119.00
Luther Chronograph Brown Leather Watch,£149.00
22mm Dark Brown Leather and Rubber Watch Strap,£39.00
His and Her Lux Luther Three-Hand Two-Tone Stainless Steel Watch Gift Set,£259.00
Bannon Multifunction Gold-Tone Stainless Steel Watch,£159.00
Luther 3H Three-Hand Interchangeable Strap Gift Set,£149.00
Disney Fossil Limited Edition Automatic Medium Brown LiteHide™ Leather Watch,£399.00
Carraway Three-Hand Brown Leather Watch,£169.00
Bannon Multifunction Stainless Steel Watch,£139.00
His and Her Chronograph Gold-Tone Stainless Steel Watch Gift Set,£259.00
His and Her Fenmore Multifunction Stainless Steel Watch Gift Set,£219.00
Fenmore Multifunction Black Leather Watch,£139.00
Bannon Multifunction Black Silicone Watch,£119.00
Luther Chronograph Brown Leather Watch,£149.00
22mm Dark Brown Leather and Rubber Watch Strap,£39.00
His and Her Lux Luther Three-Hand Two-Tone Stainless Steel Watch Gift Set,£259.00
Bannon Multifunction Gold-Tone Stainless Steel Watch,£159.00
Luther 3H Three-Hand Interchangeable Strap Gift Set,£149.00
Disney Fossil Limited Edition Automatic Medium Brown LiteHide™ Leather Watch,£399.00
Carraway Three-Hand Brown Leather Watch,£169.00
Bannon Multifunction Stainless Steel Watch,£139.00
His and Her Chronograph Gold-Tone Stainless Steel Watch Gift Set,£259.00
His and Her Fenmore Multifunction Stainless Steel Watch Gift Set,£219.00
Fenmore Multifunction Black Leather Watch,£139.00
Bannon Multifunction Black Silicone Watch,£119.00
Luther Chronograph Brown Leather Watch,£149.00
22mm Dark Brown Leather and Rubber Watch Strap,£39.00
His and Her Lux Luther Three-Hand Two-Tone Stainless Steel Watch Gift Set,£259.00
Bannon Multifunction Gold-Tone Stainless Steel Watch,£159.00
Luther 3H Three-Hand Interchangeable Strap Gift Set,£149.00
Disney Fossil Limited Edition Automatic Medium Brown LiteHide™ Leather Watch,£399.00
Carraway Three-Hand Brown Leather Watch,£169.00
Bannon Multifunction Stainless Steel Watch,£139.00
His and Her Chronograph Gold-Tone Stainless Steel Watch Gift Set,£259.00
His and Her Fenmore Multifunction Stainless Steel Watch Gift Set,£219.00
Fenmore Multifunction Black Leather Watch,£139.00
Bannon Multifunction Black Silicone Watch,£119.00
Luther Chronograph Brown Leather Watch,£149.00
22mm Dark Brown Leather and Rubber Watch Strap,£39.00
His and Her Lux Luther Three-Hand Two-Tone Stainless Steel Watch Gift Set,£259.00
Bannon Multifunction Gold-Tone Stainless Steel Watch,£159.00
Luther 3H Three-Hand Interchangeable Strap Gift Set,£149.00
Disney Fossil Limited Edition Automatic Medium Brown LiteHide™ Leather Watch,£399.00
Carraway Three-Hand Brown Leather Watch,£169.00
Bannon Multifunction Stainless Steel Watch,£139.00
His and Her Chronograph Gold-Tone Stainless Steel Watch Gift Set,£259.00
His and Her Fenmore Multifunction Stainless Steel Watch Gift Set,£219.00
Fenmore Multifunction Black Leather Watch,£139.00
Bannon Multifunction Black Silicone Watch,£119.00
Luther Chronograph Brown Leather Watch,£149.00
22mm Dark Brown Leather and Rubber Watch Strap,£39.00
His and Her Lux Luther Three-Hand Two-Tone Stainless Steel Watch Gift Set,£259.00
Bannon Multifunction Gold-Tone Stainless Steel Watch,£159.00
Luther 3H Three-Hand Interchangeable Strap Gift Set,£149.00
Disney Fossil Limited Edition Automatic Medium Brown LiteHide™ Leather Watch,£399.00
Carraway Three-Hand Brown Leather Watch,£169.00
Bannon Multifunction Stainless Steel Watch,£139.00
His and Her Chronograph Gold-Tone Stainless Steel Watch Gift Set,£259.00
His and Her Fenmore Multifunction Stainless Steel Watch Gift Set,£219.00
Fenmore Multifunction Black Leather Watch,£139.00
Bannon Multifunction Black Silicone Watch,£119.00
Luther Chronograph Brown Leather Watch,£149.00
22mm Dark Brown Leather and Rubber Watch Strap,£39.00
His and Her Lux Luther Three-Hand Two-Tone Stainless Steel Watch Gift Set,£259.00
Bannon Multifunction Gold-Tone Stainless Steel Watch,£159.00
Luther 3H Three-Hand Interchangeable Strap Gift Set,£149.00
Disney Fossil Limited Edition Automatic Medium Brown LiteHide™ Leather Watch,£399.00
Carraway Three-Hand Brown Leather Watch,£169.00
Bannon Multifunction Stainless Steel Watch,£139.00
His and Her Chronograph Gold-Tone Stainless Steel Watch Gift Set,£259.00
His and Her Fenmore Multifunction Stainless Steel Watch Gift Set,£219.00
Fenmore Multifunction Black Leather Watch,£139.00
Bannon Multifunction Black Silicone Watch,£119.00
Luther Chronograph Brown Leather Watch,£149.00
22mm Dark Brown Leather and Rubber Watch Strap,£39.00
His and Her Lux Luther Three-Hand Two-Tone Stainless Steel Watch Gift Set,£259.00
Bannon Multifunction Gold-Tone Stainless Steel Watch,£159.00
Luther 3H Three-Hand Interchangeable Strap Gift Set,£149.00
Disney Fossil Limited Edition Automatic Medium Brown LiteHide™ Leather Watch,£399.00
Carraway Three-Hand Brown Leather Watch,£169.00
Bannon Multifunction Stainless Steel Watch,£139.00
His and Her Chronograph Gold-Tone Stainless Steel Watch Gift Set,£259.00
His and Her Fenmore Multifunction Stainless Steel Watch Gift Set,£219.00
Fenmore Multifunction Black Leather Watch,£139.00
Bannon Multifunction Black Silicone Watch,£119.00
Luther Chronograph Brown Leather Watch,£149.00
22mm Dark Brown Leather and Rubber Watch Strap,£39.00
His and Her Lux Luther Three-Hand Two-Tone Stainless Steel Watch Gift Set,£259.00
Bannon Multifunction Gold-Tone Stainless Steel Watch,£159.00
Luther 3H Three-Hand Interchangeable Strap Gift Set,£149.00
